Assunto,Sentimento
Mercado imobiliário e Inteligência Artificial,Otimista
Mercado imobiliário e inovação tecnológica,Otimista
Como usar a inteligência artificial para conquistar mais clientes,Otimista
Como usar a inteligência artificial para postar conteúdos nas redes sociais,Otimista
Como usar a inteligência artificial para criar o site da sua imobiliária,Entusiasmo
Como usar a inteligência artificial para conversar com o seu cliente e qualificar,Entusiasmo
Como usar a inteligência artificial para escolher os melhores imóveis,Entusiasmo
Como usar a inteligência artificial para criar fluxo de trabalho para sua imobiliária,Entusiasmo
Como usar a inteligência artificial para atender automaticamente seus clientes,Entusiasmo
Pesquisas do mercado imobiliário usando inteligência artificial para criar novos nichos de negócios,Entusiasmo